Year,MPC_Population,Target
2025,579.1564189598986,600.0
2026,584.7049255090844,607.6883653613364
2027,604.6500262539602,614.7856211033788
2028,620.1011561190278,621.3372138933446
2029,639.5401750644772,627.3850962926309
2030,644.6986036310059,632.9679953964361
2031,657.5426426438879,638.121660819386
2032,662.4121753356544,642.8790936151186
2033,667.5629264506767,647.2707575956952
2034,670.2547402603591,651.3247744040028
2035,675.4186820867405,655.0671035882779
2036,687.3590718641657,658.5217088318419
2037,690.0943627812097,661.7107114024888
2038,681.5017662083332,664.654531804122
2039,676.7075809994176,667.372020537696
2040,678.5414209489652,669.8805788087798
2041,686.061747257119,672.1962699546806
2042,682.1210306689959,674.3339223046444
2043,688.691711995945,676.3072241317878
2044,693.1313206959394,678.1288113047785
2045,691.9155332900189,679.8103482005345
2046,689.5062432362329,681.362602396059
2047,688.9395116725119,682.795513617695
2048,698.5512314480344,684.1182573893079
2049,698.5278373229779,685.3393037869649
2050,699.9045338596768,686.4664716763388
2051,697.5028475318846,687.5069787801417
2052,694.4129382214126,688.4674878961938
2053,691.3435558588707,689.3541495620748
2054,699.8218189185786,690.1726414395639
